order_date,region,product,channel,units,unit_price,discount_pct,revenue
2025-01-08,North,Coffee,Online,70,18.00,0.05,1197.00
2025-01-14,South,Tea,Store,48,12.00,0.05,547.20
2025-01-23,West,Snacks,Online,100,6.50,0.10,585.00
2025-02-05,South,Coffee,Store,73,18.00,0.05,1248.30
2025-02-13,West,Tea,Online,52,12.00,0.05,592.80
2025-02-22,North,Snacks,Store,104,6.50,0.10,608.40
2025-03-06,West,Coffee,Online,78,18.00,0.05,1333.80
2025-03-15,North,Tea,Store,54,12.00,0.05,615.60
2025-03-24,South,Snacks,Online,110,6.50,0.10,643.50
2025-04-04,North,Coffee,Store,82,18.00,0.05,1402.20
2025-04-12,South,Tea,Online,58,12.00,0.05,661.20
2025-04-21,West,Snacks,Store,112,6.50,0.10,655.20
2025-05-07,South,Coffee,Online,90,18.00,0.05,1539.00
2025-05-16,West,Tea,Store,62,12.00,0.05,706.80
2025-05-25,North,Snacks,Online,126,6.50,0.10,737.10
2025-06-03,West,Coffee,Store,96,18.00,0.05,1641.60
2025-06-11,North,Tea,Online,66,12.00,0.05,752.40
2025-06-20,South,Snacks,Store,132,6.50,0.10,772.20
2025-07-08,North,Coffee,Online,102,18.00,0.05,1743.30
2025-07-17,South,Tea,Store,70,12.00,0.05,798.00
2025-07-26,West,Snacks,Online,140,6.50,0.10,819.00
2025-08-05,South,Coffee,Store,98,18.00,0.05,1675.80
2025-08-13,West,Tea,Online,68,12.00,0.05,775.20
2025-08-22,North,Snacks,Store,136,6.50,0.10,795.60
2025-09-04,West,Coffee,Online,106,18.00,0.05,1811.70
2025-09-12,North,Tea,Store,72,12.00,0.05,820.80
2025-09-21,South,Snacks,Online,148,6.50,0.10,865.80
2025-10-06,North,Coffee,Store,112,18.00,0.05,1915.20
2025-10-14,South,Tea,Online,76,12.00,0.05,866.40
2025-10-23,West,Snacks,Store,152,6.50,0.10,889.20
2025-11-07,South,Coffee,Online,124,18.00,0.05,2120.40
2025-11-16,West,Tea,Store,82,12.00,0.05,934.80
2025-11-25,North,Snacks,Online,168,6.50,0.10,982.80
2025-12-05,West,Coffee,Store,142,18.00,0.05,2428.20
2025-12-14,North,Tea,Online,90,12.00,0.05,1026.00
2025-12-22,South,Snacks,Store,190,6.50,0.10,1111.50
